Panrang 70,228 0
Lilyfrost 65,071 0
kurømè 48,458 0
Wintermelani 48,345 0
Chipathy 44,516 0
Eeua 44,423 0
iokui 44,027 0
Vercora 41,235 0
Doör 40,179 0
OneOfMe 35,581 0
Jyashintaan 33,510 0
KimchiEgg 32,154 0
Yimmmmmmy 30,533 0
ByeMoon 30,007 0
Lilylusion 29,352 0
Lilypulse 29,281 0
Laralí 29,228 0
Mirec 0 0
Mitas 0 0
MysterAdele 0 0
Mêlödy 0 0
NTRLover 0 0
Nein 0 0
Nisekoi 0 0
Nullstrike 0 0
NîghtLôrd 0 0
Outlier 0 0
Overactive 0 0
OwOlium 0 0
PayPalCredit 0 0
Raviel 0 0
Rex0x 0 0
RoarRawrRoar 0 0
Rumiki 0 0
RunYoPockets 0 0
RîcePaper 0 0
SaIadman1 0 0
SadMalr 0 0
Sadoko 0 0
Samwise 0 0
SereneCat 0 0
ShinoB 0 0
Shizukesa 0 0
Showful 0 0
Shukuuchi 0 0
SoulExchange 0 0
Spinnies 0 0
Stergo 0 0
Sunlèss 0 0
SurgeBoIt 0 0
Sylveôn  0 0
Sändbagger 0 0
Thîëf 0 0
Tovin 0 0
Trevoh 0 0
Tumultuous 0 0
UnBlessSoul 0 0
Uoyeh 0 0
Vacp 0 0
VinWalkeZ 0 0
WaffleButter 0 0
WhatSmoke 0 0
Wonsoju 0 0
Yesol 0 0
Yoseii 0 0
Yukínya 0 0
Zeal 0 0
ZennyZee 0 0
ZoroGolem 0 0
Zxdynasty 0 0
Zxmo 0 0
adeul 0 0
asamimichan 0 0
baespa 0 0
bishopylyOe 0 0
duoyinger 0 0
eireen 0 0
iceGwenB 0 0
ionchow 0 0
kanakò 0 0
kurunatic 0 0
kízù 0 0
lDuren 0 0
lebondieu 0 0
litspina 0 0
mayuritsu 0 0
nthnl 0 0
nuciiiiiii 0 0
nyoomp 0 0
sényà 0 0
thumbhead 0 0
udead 0 0
vZiggyv 0 0
woele 0 0
xShinsaa 0 0
xVietnamis 29,053 1,000
SnowTingJJJJ 26,331 300
MinguBingu 25,077 0
Daviiieeee 25,479 0
Chenya 23977 0
Pochaa 22,954 0
Jwuwol 22,929 0
Clasix 21,805 800
Gumidel 20,969 0
InvisibleAir 19,169 0
Texecute 18,721 0
niqykcholas 18,429 0
Seøbu 15,656 0
pokiemage 14,576 0
Kinyo 14,237 600
CorsairCue 13,058 0
Oinjuice 13,028 0
JohnWCreasy 10,828 0
MrMochiiiiii 10,134 0
17Android18 0 0
96nko 0 0
AdmiralTot 0 0
Aethemis 0 0
Aimright 0 0
Akanechi 0 0
AmMaeAmMaeAm 0 0
Anziano 0 0
Asceria 0 0
Avions 0 0
Azroe 0 0
BaespaHot69 0 0
Bangee 0 0
Bescal | 0
Binni 0 0
BoatSeaSick 0 0
Bomimi 0 0
Bornskills 0 0
BuccBuccPuk 0 0
Bónnie 0 0
BúrtleBun 0 0
CIyd3Barrow 0 0
Calixen 0 0
Change 0 0
Chaussseur 0 0
Choishi 0 0
ChubbyNuggie 0 0
Chãd 0 0
CitizenRai 0 0
Cloverrz 0 0
CoronamVitae 0 0
DapperDevin 0 0
DarianKThao 0 0
Dipsss 0 0
Dlegz 0 0
Eggiehead 0 0
Eigasm 0 0
Eroum 0 0
Evaded 0 0
Excuses 0 0
Finclan 0 0
Firekw 0 0
FruitCows 0 0
Generation 0 0
Golbezza 0 0
Graze 0 0
Guhhh 0 0
HakuClown 0 0
HanaXNymphz 0 0
Hemøphaxia 0 0
HiImPhil 0 0
HiddenFists 0 0
Hogaga 0 0
Hootteokk 0 0
HoshinoAlice 0 0
HumbleHarold 0 0
lAinzl 0 0
ImZeb 0 0
Imperius 0 600
InfinityRai 0 0
ItsaAdele 0 0
Jeonkyard 0 0
JuicyLamb 0 0
JæHee 0 0
Kakero 0 0
Kanamellx 0 0
KiritoJutsu 0 0
Kitszora 0 0
Kohesu 0 0
Kranes 0 0
Kulpa 0 0
Leeholywater 0 0
LigThining 0 0
LilPerrito 0 0
Lintie 0 0
LumioStar 0 0
LémonTea 0 0
MONKEYBOOMBA 0 0
MP3Farm 0 0
Majusagi 0 0
MilkCarpet 0 0
MingNL 0 0
